Show;Name;Acronym;Tag1;Tag2;Tag3;Description
YES;Access Token;AT;security;;;A token used to access protected resources on behalf of an authenticated user. It is commonly used in OAuth 2.0 and OpenID Connect.
YES;Accessor;;arsenal;darwin;;An accessor is a method or property used to access or modify the internal state of an object. It provides controlled access to private or protected data.
YES;Aggregation;;arsenal;;;Aggregation refers to the process of combining data from multiple sources or records into a single result. It is commonly used in databases, analytics, and reporting.
YES;Amazon Web Services;AWS;app360;;;AWS (Amazon Web Services) is Amazon’s cloud computing platform. It offers a wide range of services, including storage, compute, and databases.
YES;Amazon Web Services Software Development Kit;AWS SDK;app360;;;A set of platform-specific building tools for developers to integrate and interact with AWS services in their applications. It provides APIs and libraries for AWS resources.
YES;Angular;;front;darwin;;Angular is a popular open-source framework for building dynamic web applications. It uses TypeScript and provides features like data binding, routing, and dependency injection.
YES;Angular Web Mapping Framework;Angular WMF;front;darwin;; is an extension of Angular for building interactive web maps and geospatial applications.
YES;API - Backend Implementation;;api;;;Software that implements a specification of requirements and its associated infrastructure. There are different implementation patterns depending on each use case.
YES;API - Consumer;;api;;;App that consumes an API.
YES;API - Consuming;;api;;;To consume an API means to use the API's endpoints to interact with it from another piece of software. This typically involves these steps: Understanding the API, sending requests, handling responses, handling errors. By consuming an API, a software application can leverage the functionality provided by the API, such as retrieving data, creating or modifying resources, or triggering actions.
YES;API - Consumption Plans;;api;;;Options that allow limiting the number of requests per second for each API / operation. They are defined closely linked to throttle policies (consumption per unit of time).
YES;API - Definition;;api;;;"To define an API means to specify the methods and data formats that a program (typically a software library or service) will accept from other programs. This includes: Specifying the endpoints or URLs for the API (if it's a web-based API), defining the data types and structures that the API will accept as input or return as output, documenting the functionality of each method or endpoint, including what it does and any side effects it might have; setting up any necessary authentication or permission systems to control who can use the API and how; testing the API to ensure it works as expected and handles errors gracefully. This means: by defining an API, the contract created so other developers can rely on when integrating their software."
YES;API - Deployment;;api;;;To deploy an API  means to make it live and accessible on a server so that it can be used by other software applications. The process typically involves: Packaging choosing a deployment platform, configuring the server, uploading and starting the API and monitoring. By deploying an API with the Gluon pipelines, you make it available for other systems to interact with it, allowing data exchange and integration of services.
YES;API - Developer Portal;;api;;;Gives managed visibility to the produced APIs from the Producer Organization. Provides services as: APIs subscription, Socialization. Discovery. Feedback. Management of Consumer Organization.
YES;API - Entity;;api;;;Business object that has a sufficient relevance to identify itself as a product. A single entity is defined by an API.
YES;API - Implementation;;api;;;To implement an API  means to write the code that fulfills the contract defined by the API. It involves the following steps:  Understanding the API design, writing the code, testing, optimizing. Once an API is implemented, it means that the microservices which cover the business logic are ready to return the requested data.
YES;API - Portfolio;;api;;;Catalogue of APIs of an organization
YES;API - Producer;;api;;;An API producer builds and provides APIs for API consumers (app developers) to use.
YES;API - Resources;;api;;;A resource exposes a set of endpoints related to the same business entity.
YES;API - Publish;;api;;;"To publish an API means to make it available for other developers to use. This process typically involves the following steps: Design; development; document creation; deploying, version set, monitoring and maintenance. By publishing an API, a service allows other software to interact with it programmatically, enabling integration and data exchange between different systems."
YES;API - Specification;;api;;;Document detailing the contract for an API and how to interact with it.
YES;API - Sub-entity;;api;;;Business object that have no business relevance by themselves. It is an object that is hierarchically related to an entity.
YES;API - Subscription;;api;;;To subscribe to an APItypically means to register or sign up to use that API. This process often involves: Signing up for an API key, accepting the terms of use, setting up a callback URL, handling API updates. Once you've subscribed to an API, your software application can begin consuming the API, meaning it can start making requests to the API's endpoints and using the data it receives in response.
YES;API - Terms;;api;;;Yaml parameters in URL, query, body or header in an API definition.
YES;API Connect (IBM);;api;;;IBM API Connect is a full lifecycle API management solution that allows you to consistently create, manage, secure, socialize, and monetize APIs. It promotes digital transformation across clouds and on-premises environments.
YES;API Gateway;;api;;;"Piece of software where APIs transactions are ""physically"" processed. It allows different consumption models related to the logical entities. It is unique by entity and consumer case. Included features: Authentication, Security policy enforcement, Load balancing, Cache management, Dependency resolution, Contract and service level agreement (SLA) management."
YES;API Gateway policy;;api;;;An API Gateway policy defines rules and actions for managing API traffic. It can enforce security, rate limiting, authentication, and other policies.
YES;API Governance;;api;;;API governance is the practice of defining and applying standards, policies, and processes that ensure your APIs are standardized, reliable, and secure. It provides guardrails for creating, managing, and securing APIs.
YES;API Instance;;api;;;API deployed in a local gateway that implements exactly the same interface defined in the API published in Gluon catalog.
YES;API Management;;api;;;Process of creating and publishing APIs, enforcing their usage policies, controlling access, nurturing the subscriber community, collecting and analysing usage statistics, and reporting on performance. Implies the cataloguing of the API for its consumption (publishing), exposure (promoting), control, monitoring (overseeing) and execution in a safe, reliable and scalable environment.
YES;API Manager;;api;;;Used to define and develop APIs. Manages the API environment. Unifies the API vision.
YES;API Operation;;api;;;Each endpoint in a resource, identified by an HTTP Verb (GET, POST, PUT, DELETE, PATCH, OPTIONS, HEAD), providing the entry point of each functionality.
YES;Apigee;;api;;;Apigee, now part of Google Cloud, is an API management platform that helps build, secure, and analyze APIs. It allows organizations to create, manage, and optimize APIs for various use cases, including mobile apps and microservices.
YES;App Developer;;api;;;Software teams who build apps which consume APIs.
YES;Appium;;testing;;;An open-source tool for automating mobile applications (iOS, Android, and Windows). It allows testing of native, hybrid, and mobile web apps.
YES;Application Lifecycle Management;ALM;gluon;;;Application Lifecycle Management (ALM) refers to the process of managing software applications from their initial concept and development through deployment, maintenance, and eventual retirement. ALM encompasses requirements management, design, development, testing, deployment, and ongoing support.
YES;Application Performance Management;APM;testing;;;Application Performance Management (APM) tools monitor and optimize the performance of software applications. APM solutions track metrics, diagnose issues, and improve user experience.
YES;Application Porfolio Management;APM;gluon;itsm;;Application Performance Management (APM) tools monitor and manage the performance of software applications. They track metrics, diagnose issues, and optimize performance.
YES;Application Programming Interface;API;api;;;An Application Programming Interface (API) is a set of rules and protocols that allows different software applications to communicate with each other. APIs define how requests and responses should be structured, enabling data exchange between systems.
YES;Artifactory;;app360;devops;;Artifactory is a binary repository manager for storing and managing artifacts (e.g., JAR files, Docker images).
YES;Artificial Intelligence for IT Operations;AIOPs;observability;;;Artificial Intelligence for IT Operations (AIOps) refers to using AI and machine learning to enhance IT operations, including monitoring, incident management, and automation.
YES;As Soon As Possible;ASAP;;;;An acronym used to prioritize tasks or requests that need immediate attention or completion.
YES;asynchronous;async;microservice;darwin;;Async (asynchronous) refers to programming techniques where tasks or operations can run independently without blocking the main execution thread. It is commonly used for I/O-bound operations.
YES;Asynchronous JavaScript and XML;AJAX;front;;;Asynchronous JavaScript and XML (AJAX) is a technique for updating web content without reloading the entire page. It uses JavaScript to make asynchronous requests to the server.
YES;ATLAS;;apm;;;Application Technical inventory platform. Legacy platform that is being replaced by Gluon ITSM.
YES;Atlassian;;sdlc;tools;alm;Atlassian develops software tools for collaboration, project management, and software development.
YES;Auditable;;qa;;;Auditable refers to the capability of tracking and recording changes or events in a system. It is commonly used for compliance, security, and debugging purposes.
YES;Authentication;;security;;;The process of verifying the identity of a user, system, or application. It ensures that the claimed identity is valid and authorized to access specific resources.
YES;Authorization;;security;;;The process of granting or denying access to specific resources based on the authenticated user’s permissions. It defines what actions a user can perform.
YES;Automations;;app360;;;Automations refer to processes or tasks that are performed automatically by software or scripts. They improve efficiency and reduce manual effort.
YES;AWS Secure Storage Service;AWS S3;app360;;;Amazon Simple Storage Service (S3) is an object storage service provided by Amazon Web Services (AWS). S3 allows storing and retrieving data, such as files and images.
YES;Azure;;app360;;;Azure is Microsoft's cloud computing platform. It provides services for building, deploying, and managing applications and services.
YES;Backend as a Service;BaaS;api;microservice;;Backend as a Service (BaaS) provides cloud-based backend services for mobile and web applications. BaaS platforms offer features like authentication, databases, storage, and APIs.
YES;Banco Central do Brazil;BACEN;arsenal;;;Banco Central do Brasil (BACEN) is the Central Bank of Brazil. It regulates monetary policy, banking, and financial stability in Brazil.
YES;Banking Industry Architecture Network;BIAN;apm;;;Banking Industry Architecture Network (BIAN) is a nonprofit organization that defines a standardized framework for banking services and IT architecture. BIAN aims to improve interoperability and reduce complexity in the banking industry.
YES;BankSphere;BKS;gluon;api;microservice;BabkSphere is a framework (legacy) for developing web applications based on java.
YES;BASE64;;security;front;;BASE64 is an encoding scheme that represents binary data as ASCII characters. It's commonly used for encoding binary files in text-based formats.
YES;Behavior-Driven Development;BDD;testing;;;Behavior-Driven Development (BDD) is a software development approach that focuses on defining behavior using natural language specifications. BDD tools include Cucumber and SpecFlow.
YES;Best Current Practice 47;BCP47;api;;;BCP47 (Best Current Practice 47) is a standard that defines language tags for identifying languages, dialects, and language variations. BCP47 tags are commonly used in localization and internationalization.
YES;BIAN - Business Area;;api;;;Group of specialized functionalities of a certain area.
YES;BIAN - Business Domain;;api;;;Subdomain of a certain area Group of specialized functionalities.
YES;BIAN - Service Domain;;api;;;Global APIs for a certain area or subdomain of specialized functionalities.
YES;Block, Element, Modifier;BEM ;front;;;BEM (Block, Element, Modifier) is a naming convention for writing modular and maintainable CSS. It helps organize styles in a predictable way.
YES;Boolean;;gluon;;;Boolean is a data type that represents true or false values. It is used for logical operations and conditional expressions.
YES;Bootstrap;;front;;;Bootstrap is a popular front-end framework for building responsive and mobile-first web applications. It provides pre-designed components and utilities.
YES;Cache;;microservice;api;;Caching involves storing copies of frequently accessed data to improve performance. It reduces the need to fetch data from the original source repeatedly.
YES;Cadastro de Pessoas Físicas;CPF;;;;Cadastro de Pessoas Físicas (CPF) is the Brazilian individual taxpayer identification number. It is used for tax purposes and financial transactions.
YES;Cadastro Nacional da Pessoa Jurídica;CNPJ;;;;Cadastro Nacional da Pessoa Jurídica (CNPJ) is the Brazilian corporate taxpayer identification number. It identifies legal entities for tax and business purposes.
YES;Cascade style Sheet;CSS;front;;;Cascading Style Sheets (CSS) and SCSS (Sass CSS) are stylesheet languages used for styling web content.
YES;Central Processing Unit;CPU;gluon;;;Central Processing Unit (CPU) is the primary component of a computer that executes instructions. It performs arithmetic, logic, and control operations.
YES;Centro Nacional de Automaçao Bancária;CNAB;;;;Centro Nacional de Automaçao Bancária (CNAB) is a standard format for electronic files used in Brazilian banking transactions. It defines layouts for data exchange.
YES;Certification Environment;CERT;app360;;;Certification environment: Also known as Integration or Testing environment, is where the stories developed are reviewd and validated by the product owner with end to end functional configuration.
YES;Channel Operational Security API Control;COSAC;security;api;;The Channel Operational Security API Control (a.k.a COSAC) establishes the mechanisms to perform controls on contracts, channel clients, operations and users.
YES;Chief Information Security Officer;CISO;security;;;The Chief Information Security Officer (CISO) is a senior executive responsible for an organization’s information security strategy and management.
YES;Chief Technology Officer;CTO;gluon;;;Chief Technology Officer (CTO) is an executive responsible for technology strategy, innovation, and technical leadership within an organization. The CTO oversees technology development and implementation.
YES;Codespaces;;app360;;;Codespaces is a feature provided by GitHub that allows developers to create and manage development environments directly within a GitHub repository. It provides an online IDE (Integrated Development Environment) for code editing, debugging, and collaboration.
YES;Collector;;arsenal;;;A collector is a component or process that gathers and aggregates data from various sources. It is commonly used in monitoring and logging systems.
YES;Comma Separated Values;CSV;gluon;;;Comma-Separated Values (CSV) is a plain text format for representing tabular data. It uses commas to separate values in each row.
YES;Command Line Interface;CLI;gluon;;;Command Line Interface (CLI) is a text-based interface for interacting with a computer or software. Users enter commands to perform tasks without a graphical user interface.
YES;Command Pormpt;CMD;gluon;;;CMD (Command Prompt) is a command-line interpreter in Windows operating systems. It allows users to execute commands and scripts.
YES;Common Weakness Enumeration ;CWE;security;;;Common Weakness Enumeration (CWE) is a community-developed list of software weaknesses and vulnerabilities. It provides a common language for discussing security issues.
YES;ConfigMap;;microservice;darwin;;In Kubernetes, a ConfigMap is an API object used to store configuration data (such as environment variables or configuration files) separately from application code.
YES;Configuration as Code;CASC;infrastructure;;;Configuration as Code (CASC) is an approach where system configurations are defined and managed using code (e.g., YAML or JSON files).
YES;Configuration Management Database;CMDB;apm;;;Configuration Management Database (CMDB) is a database that stores information about an organization’s IT assets, including hardware, software, and relationships.
YES;Configuration Settings;Config;app360;;;Typically refers to configuration settings or parameters used by software applications. It includes environment-specific values, connection strings, and other runtime options.
YES;Container;;app360;;;A container is a lightweight, standalone executable package that includes everything needed to run a piece of software, including the code, runtime, system tools, and libraries.
YES;Content Security Policy;CSP;security;;;CSP adds an extra layer of security to detect and mitigate attacks like XSS and data injection. It specifies which origins are allowed to load content.
YES;Continuous Deployment;CD;app360;testing;;Continuous Deployment (CD) is an extension of CI, where code changes are automatically deployed to production environments after passing automated tests. CD ensures rapid and reliable software delivery.
YES;Continuous Integration;CI;app360;testing;;Continuous Integration (CI) is a software development practice where code changes are automatically built, tested, and integrated into a shared repository multiple times a day. CI helps identify and fix issues early in the development process.
YES;Control Reversal;CR;microservice;darwin;;Control Reversal (CR) refers to the reversal of control flow in a program. It often involves inversion of control, where a framework or container manages the flow of execution.
YES;Cookiecutter;;front;;;Cookiecutter is a template-based project generator for creating new projects based on predefined templates.
YES;Create, Read, Update and Delete Operations;CRUD;api;microservice;;CRUD stands for Create, Read, Update, and Delete. It represents the basic operations for managing data in a database or API.
YES;Cronjob;;;;;Cronjobs are scheduled tasks or scripts that run automatically at specified intervals using the cron syntax. They are commonly used for maintenance and automation.
YES;Cross-Origin Resource Sharing;CORS;front;security;;Cross-Origin Resource Sharing (CORS) is a security mechanism that allows or restricts web browsers from making requests to a different domain. CORS headers define which origins are permitted to access resources.
YES;Cross-Site Request Forgery;CSRF;front;;;Cross-Site Request Forgery (CSRF) is a security vulnerability where an attacker tricks a user into performing unwanted actions on a web application. CSRF tokens are used to prevent this.
YES;Cross-Site Scripting;XSS;security;front;;Cross-Site Scripting (XSS) is a security vulnerability where an attacker injects malicious scripts into a web application. It can lead to data theft or unauthorized actions.
YES;Customer Information Control System;CICS;arsenal;;;Customer Information Control System (CICS) is a transaction processing system for mainframe computers. It handles online transaction processing (OLTP) workloads.
YES;Cybersecurity;Cyber;security;;;"""Cyber"" refers to anything related to cybersecurity, including protection against cyber threats, attacks, and vulnerabilities."
YES;Darwin;;microservice;darwin;;Darwin is one of Santander main microservices frameworks. It includes backend and frontend components, using java, javascript and python technologies.
YES;Data Definition Language;DDL;darwin;arsenal;microservice;Data Definition Language (DDL) is a subset of SQL used for defining database schema objects (tables, indexes, views). DDL statements create, modify, or delete database structures.
YES;Data Manipulation Language;DML;microservice;arsenal;;Data Manipulation Language (DML) is a subset of SQL used for querying and modifying data in a database. DML statements include SELECT, INSERT, UPDATE, and DELETE.
YES;Data Transfer Object;DTO;arsenal;darwin;;Data Transfer Object (DTO) stands for Data Transfer Object. It is a design pattern used to transfer data between layers of an application or between microservices. DTOs encapsulate data and reduce network overhead.
YES;Datapower (IBM);;api;tools;;Datapower (IBM DataPower Gateway) is an appliance used for securing, integrating, and optimizing APIs, services, and applications. It provides features like security, transformation, and caching.
YES;Deploymentconfigs;;app360;darwin;;DeploymentConfigs are objects in Kubernetes that define how applications should be deployed and scaled. They include settings for replicas, resources, and rollout strategies.
YES;Deserialization;;darwin;;;Deserialization is the process of converting serialized data (e.g., JSON, Protobuf) back into its original object or data structure. It is commonly used in APIs and data processing.
YES;Design Pattern;;microservice;darwin;;A Design Pattern is a reusable solution to a common problem in software design. It provides a template for solving specific design issues.
YES;Developer Experience;DX;front;;;DX (Developer Experience) focuses on developer's productivity and ease of use when working with tools and APIs.
YES;Docker;;app360;;;Docker is a platform for developing, shipping, and running applications in containers. Containers provide isolation and consistency across different environments.
YES;Document Object Model;DOM;front;;;Document Object Model (DOM) represents the structure of an HTML or XML document as a tree of objects. It allows programmatic access and manipulation of document elements.
YES;Domain-Specific Language ;DSL;api;microservice;arsenal;Domain-Specific Language (DSL) is a programming language or syntax tailored for a specific domain or problem. DSLs improve expressiveness and readability for specific tasks.
YES;Dynamic Application Security Testing;DAST;testing;;;Dynamic Application Security Testing (DAST) is a security testing technique that analyzes running applications for vulnerabilities. It simulates attacks and assesses security from the outside.
YES;End of File;EOF;gluon;;;EOF (End of File) indicates the end of a file or data set. It is a marker used by programs to detect the end of data.
YES;End to End;E2E;gluon;;;End-to-End (E2E) testing is a type of software testing that validates the entire application flow, including user interactions, data processing, and integrations. E2E tests ensure that all components work together as expected.
YES;Enterprise Integration Pattern;EIP;api;microservice;;Enterprise Integration Patterns (EIPs) are design patterns for integrating applications and systems. EIPs provide solutions for common integration challenges, such as message routing, transformation, and error handling.
YES;Environment;env;gluon;;;Typically refers to environment variables in software development. Environment variables store configuration settings or runtime information for applications.
YES;Ephemeral Runner;;app360;;;An ephemeral runner is a temporary CI/CD agent that spins up for a specific job or pipeline execution and terminates afterward.
YES;Event;;gluon;;;An event is a significant occurrence or change in a system. Events can trigger actions, workflows, or notifications.
YES;Extensible Markup Language;XML;gluon;;;Extensible Markup Language (XML) is a markup language that defines rules for encoding documents in a format that is both human-readable and machine-readable.
YES;External APIs;;api;;;"APIs for ""non-Santander Group"" applications (partners)"
YES;File Transfer Protocol;FTP;gluon;;;File Transfer Protocol (FTP) is a standard network protocol for transferring files between a client and a server over a network.
YES;Finantial Operations;FinOps;app360;;;FinOps (Financial Operations) is a practice that combines financial management with cloud operations. It focuses on optimizing cloud spending and resource allocation.
YES;formData;;front;;;refers to data submitted from an HTML form. It includes user input (such as text, checkboxes, or file uploads) sent to a server for processing.
YES;Fortify;;security;;;Fortify is a security tool that helps detect and mitigate certain types of attacks, including Cross-Site Scripting (XSS) and data injection attacks.
YES;Fortify Project Report;FPR;security;;;A Fortify Project Report (FPR) is a binary file generated by Fortify Static Code Analyzer. It contains scan results, vulnerabilities, and recommendations for improving code security.
YES;GateException;;testing;;;Exceptions to avoid quality gates actions application
YES;Gateway;;gluon;;;A network device or software component that acts as an entry point to a larger network or system. It often performs tasks like load balancing, security, and routing.
YES;Gherkin;;testing;bdd;;Gherkin is a plain-text language used for writing behavior-driven development (BDD) test scenarios. It is human-readable and serves as input for automated testing tools.
YES;Git;;gluon;;;A distributed version control system used for tracking changes in source code during software development. It allows collaboration and code management.
YES;Gitconfig;;gluon;;;gitconfig is a configuration file for Git (.gitconfig), a version control system. It stores user-specific settings and preferences for Git commands and behavior.
YES;GitFlow;;app360;;;GitFlow is a branching model for Git repositories that defines a set of rules for managing branches. It provides a structured approach for feature development, bug fixes, and releases.
YES;GitHub;GH;gluon;;;A web-based platform for hosting and collaborating on Git repositories. It provides features like version control, issue tracking, and pull requests.
YES;GitHub Advanced Rest Client;GitHub ARC;testing;api;tools;GitHub Advanced REST Client (ARC) is a tool for testing and interacting with RESTful APIs. It allows developers to send HTTP requests and view responses.
YES;GitHub Command Line Interface;GH CLI;gluon;;;A command-line tool for interacting with GitHub repositories. It allows users to create, view, and manage GitHub resources from the terminal.
YES;GitHub GitHub Enterprise Managed User Account;GitHub EMU;gluon;;;A user account managed within a GitHub Enterprise instance. It allows collaboration on private repositories within an organization.
YES;GitHub Personal Access Token;GitHub PAT;gluon;;;GitHub Personal Access Token (PAT) is an authentication token used to access GitHub APIs. It allows users or applications to authenticate and interact with GitHub repositories programmatically.
YES;Global Oauth Server;GOS;api;security;;Santander Global OAuth Server (Refers to SOS)
YES;GNU Privacy Guard Key;GPG Key;gluon;;;A cryptographic key used for secure communication and data integrity. It is commonly used for signing and encrypting emails or files.
YES;Google App Script Services;GASS;testing;;;A cloud-based scripting language for automating tasks in Google Workspace (formerly G Suite) applications.
YES;Gradle;;arsenal;;;Gradle is a build automation tool used for building, testing, and deploying software projects. It uses Groovy or Kotlin DSL for defining build scripts.
YES;Grafana;;gluon;tools;;Grafana is an open-source monitoring and observability platform. It allows users to create dashboards, visualize data, and set up alerts for various metrics.
YES;GraphQL;;api;microservice;;GraphQL is a query language for APIs. It allows clients to request specific data from a server, enabling efficient and flexible data retrieval.
YES;Gross Domestic Product;GDP;;;;Gross Domestic Product (GDP) is the total value of all goods and services produced within a country's borders. It is a key economic indicator.
YES;gRPC Remote Procedure Call;gRPC;microservice;;;gRPC (gRPC Remote Procedure Calls) is a cross-platform open-source high-performance remote procedure call (RPC) framework. It uses HTTP/2 for communication and Protocol Buffers for serialization. gRPC is commonly used for microservices communication.
YES;Harbor;;app360;tools;;Harbor is an open-source container registry that allows users to store, manage, and distribute Docker images. It provides security features and replication capabilities.
YES;HashiCorp;;gluon;tools;;HashiCorp is and software company develops infrastructure automation tools, including Terraform (for infrastructure as code), Vault (for secrets management), and Consul (for service discovery).
YES;Hello World example;HelloWorld;gluon;;;"""Hello, World!"" is a simple program or script used for testing and learning. It typically prints the phrase ""Hello, World!"" to the console."
YES;HotFix;;gluon;;;A HotFix is a small, urgent software update or patch that addresses critical issues or security vulnerabilities. It is typically applied to production systems without delay.
YES;HTTP Basic Authentication;;front;api;microservice;HTTP Basic Authentication is a simple authentication mechanism where the client sends credentials (username and password) in the HTTP request header.
YES;HTTP Header;HTTP Header;front;api;microservice;An HTTP Header is a part of an HTTP request or response that provides additional information about the message. It includes metadata such as content type, encoding, authentication, and caching directives.
YES;HTTP Request;HTTP Request;front;api;microservice;An HTTP request is a message sent by a client (usually a web browser) to a server. It specifies the action the client wants the server to perform.
YES;HTTP Response;HTTP Response;front;api;microservice;An HTTP response is the server's reply to an HTTP request. It includes status codes, headers, and the content requested by the client.
YES;HTTP verb DELETE;HTTP DELETE;front;api;microservice;HTTP DELETE is a request method used to remove a resource from a server. It deletes the specified resource.
YES;HTTP verb GET;HTTP GET;front;api;microservice;HTTP GET is a request method used to retrieve data from a server. It is commonly used in web APIs to fetch information.
YES;HTTP verb HEAD;HTTP HEAD;front;api;microservice;HTTP HEAD is a request method that is similar to GET but retrieves only the headers of a resource without fetching the actual content. It is useful for checking resource availability and metadata.
YES;HTTP verb OPTIONS;HTTP OPTIONS;front;api;microservice;HTTP OPTIONS is a request method used to retrieve information about the communication options available for a resource. It provides details about supported methods and headers.
YES;HTTP verb PATCH;HTTP PATCH;front;api;microservice;HTTP PATCH is a request method used to apply partial modifications to a resource. It updates only the specified fields of the resource.
YES;HTTP verb POST;HTTP POST;front;api;microservice;HTTP POST is a request method used to send data to a server. It is commonly used for creating or updating resources via web APIs.
YES;HTTP verb PUT;HTTP PUT;front;api;microservice;HTTP PUT is a request method used to update existing data on a server. It replaces the entire resource with the new data provided.
YES;HTTP Verbs;HTTP Verbs;front;api;microservice;HTTP verbs (also known as HTTP methods) define the actions that can be performed on resources. Common HTTP verbs include GET, POST, PUT, DELETE, PATCH, OPTIONS, and HEAD.
YES;Hypersonic SQL;HSQL;arsenal;;;HSQL (Hypersonic SQL) is an open-source relational database management system written in Java. It is often used for testing and prototyping.
YES;Hypertext as the Engine of Application State;HATEOAS;api;microservice;front;Hypertext as the Engine of Application State (HATEOAS) is a principle in RESTful APIs where hyperlinks are embedded in responses. Clients follow these links to discover and navigate available resources.
YES;Hypertext Markup Language;HTML;front;;;Hypertext Markup Language (HTML) is the standard markup language for creating web pages. It defines the structure and content of web documents.
YES;Hypertext Transfer Protocol;HTTP;front;api;microservice;Hypertext Transfer Protocol (HTTP) is the foundation of data communication on the World Wide Web. It defines how web browsers and servers communicate by exchanging requests and responses.
YES;Idempotent Operation;;api;;;An idempotent operation implies that the state of the resource will be equal to the state returned by the first invocation, regardless of the number of calls made later.
YES;Identifier;ID;gluon;;;An ID (identifier) is a unique value used to represent an entity (e.g., user, resource, or object) within a system. IDs are commonly used for database records and access control.
YES;Image (Container);;app360;;;A container image is a lightweight, standalone, and executable software package that contains an application and its dependencies. It serves as the blueprint for creating containers.
YES;Imagestreams;;app360;;;Imagestreams are objects in OpenShift (a Kubernetes distribution) that allow users to manage and tag container images. They simplify image management and promote reusability.
YES;Imposto sobre Operaçöes Financeiras;IOF;;;;Imposto sobre Operaçöes Financeiras (IOF) is a Brazilian tax on financial transactions, including loans, currency exchange, and insurance.
YES;Infinispan;;microservice;api;;Infinispan is an open-source, in-memory data grid platform used for caching and distributed data storage. It provides features like data replication, eviction, and query capabilities.
YES;Innersource;;gluon;;;Innersource is the practice of applying open-source development principles within an organization. It encourages collaboration, transparency, and sharing of code across teams.
YES;Input/Output Operations Per Second;IOPS;insights;;;Input/Output Operations Per Second (IOPS) measures the rate at which a storage device can perform read and write operations. It is crucial for assessing storage performance.
YES;Integrated Development Environment;IDE;gluon;tools;;Integrated Development Environment (IDE) is a software application that provides tools for writing, debugging, and managing code. IDEs enhance developer productivity.
YES;Inter Process Communication;IPC;microservice;;;Inter-Process Communication (IPC) refers to mechanisms that allow communication between processes or threads within an operating system.
YES;Internal APIs;;api;;;APIs for Santander Group applications (internet or intranet)
YES;International Business Machines;IBM;gluon;tools;;International Business Machines (IBM) is a multinational technology company that provides hardware, software, and services. IBM is known for its mainframe computers, cloud services, and enterprise software solutions.
YES;International Organization for Standards;ISO;gluon;;;The International Organization for Standardization (ISO) is an independent organization that develops and publishes international standards. ISO standards cover various domains, including technology.
YES;Internet Assigned Numbers Authority;IANA;arsenal;;;The Internet Assigned Numbers Authority (IANA) is responsible for managing global IP address allocation, domain names, and protocol parameters.
YES;Internet Protocol;IP;gluon;;;IP (Internet Protocol) is a network layer protocol that enables communication between devices over the internet. IPv4 and IPv6 are the two main versions of IP.
YES;IT asset;;apm;;;An IT asset refers to any hardware, software, or digital resource used within an organization’s IT infrastructure. It includes servers, laptops, software licenses, and more.
YES;IT Service Management;ITSM;apm;;;IT Service Management (ITSM) refers to the practices and processes for managing IT services within an organization. It includes incident management, change management, and service desk operations.
YES;Java API for XML Web Services;JAX-WS;java;;;Java API for XML Web Services (JAX-WS) is a Java technology for building and consuming web services. It provides a standard way to create SOAP-based services.
YES;Java Architecture for XML Binding;JAXB;java;;;Java Architecture for XML Binding (JAXB) is a Java API for mapping XML data to Java objects and vice versa. It simplifies XML processing in Java applications.
YES;Java Archive;JAR;java;;;JAR (Java Archive) is a file format used for packaging Java classes, resources, and metadata. JAR files are used for distribution and deployment.
YES;Java Database Connectivity;JDBC;java;;;Java Database Connectivity (JDBC) is a Java API for connecting to relational databases. JDBC provides methods for executing SQL queries and managing database connections.
YES;Java Development Kit;JDK;java;;;Java Development Kit (JDK) is a software development environment for building Java applications. It includes the Java compiler, runtime libraries, and tools.
YES;Java KeyStore ;JKS;microservice;security;api;A Java KeyStore (JKS) is a repository of security certificates, used for instance in TLS encryption. It contains authorization certificates or public key certificates along with corresponding private keys.
YES;Java Management Extensions;JMX;java;;;Java Management Extensions (JMX) is a Java technology for managing and monitoring applications. It provides APIs for instrumenting and managing resources in a Java application.
YES;Java Message Service;JMS;java;;;Java Message Service (JMS) is an API for asynchronous messaging between distributed systems. It enables communication via message queues and topics.
YES;Java Persistence API;JPA;java;;;Java Persistence API (JPA) is a standard for accessing relational databases from Java applications. JPA provides an object-relational mapping (ORM) framework.
YES;Java Persistence Query Language;JPQL;java;;;Java Persistence Query Language (JPQL) is a query language for querying JPA entities. It is similar to SQL but operates on Java objects.
YES;JavaScript;JavaScript;javascript;;;JavaScript is a widely-used programming language for web development. It runs in browsers and allows dynamic interactions on web pages.
YES;JavaScript Object Notation;JSON;javascript;;;JSON (JavaScript Object Notation) is a lightweight data interchange format. It is widely used for representing structured data in web APIs and configuration files.
YES;JFrog;;app360;tools;;JFrog provides tools for managing and distributing software artifacts. It includes JFrog Artifactory for artifact repository management.
YES;Jira;;gluon;tools;;Jira is an issue and project tracking tool by Atlassian, commonly used for bug tracking and agile development.
YES;Jira XRay;JIRA XRay;gluon;tools;;A test management tool integrated with JIRA. It allows managing test cases, execution, and reporting within JIRA.
YES;JMeter;;testing;;;Apache JMeter is a performance testing tool used for load testing, stress testing, and measuring the performance of web applications and services.
YES;Joda-Time is a Java library;JODA;java;;;Joda-Time is a Java library for date and time handling. It provides classes and methods for working with dates, times, and intervals.
YES;JSON Web Key Set;JKU (JWKS Url);microservice;security;api;The JSON Web Key Set (JWKS) URL is a URI that refers to a resource containing a set of JSON-encoded public keys. It is used to verify the signature of a signed JWT.
YES;JSON Web Token;JWT;api;microservice;security;JSON Web Token (JWT) is a compact, URL-safe token format used for securely transmitting information between parties. JWTs are commonly used for authentication and authorization in web applications.
YES;JUnit;JUnit;testing;;;JUnit is a popular testing framework for Java. It provides annotations and assertions for writing unit tests. JUnit ensures code correctness and reliability.
YES;JVM;JVM;java;;;Java Virtual Machine (JVM) is an execution environment for running Java applications. JVM interprets Java bytecode and provides platform independence.
YES;JWSId;JWSId;api;security;;JWSId (JSON Web Signature Identifier) is an identifier used in JSON Web Tokens (JWTs). It uniquely identifies the signing key used to create the JWT.
YES;JWT - Audience;;api;;;Identifies the recipient of the JWT token tt belongs to.
YES;Kafka;;gluon;tools;;Apache Kafka is a distributed event streaming platform. It is used for real-time data processing, messaging, and event-driven architectures.
YES;Kanban;;gluon;;;Kanban is an agile project management methodology that visualizes work as cards on a board. It emphasizes continuous flow, limiting work in progress, and optimizing efficiency.
YES;Kernel-based Virtual Machine;KVM;app360;api;;Kernel-based Virtual Machine (KVM) is a virtualization solution for Linux. KVM allows running multiple virtual machines (VMs) on a single physical host.
YES;Key Identifier;KID;security;;;KID (Key Identifier) is a term often used in cryptography and security contexts. It refers to a unique identifier associated with cryptographic keys.
YES;Key Manager;;microservice;security;;A system or software component responsible for managing cryptographic keys, including their generation, storage, and distribution.
YES;Key Performance Indicator;KPI;insights;;;KPIs are quantifiable measurements used to evaluate a company’s overall long-term performance. They help track progress toward goals.
YES;Key Performance Indicator;KPI;api;;;Business metric and technique identified at a high level in the conceptualization phase. Regarding APIs, a KPI provides help to visualize the value of the APIs that are being built, as well as ensures compliance with the established SLAs.
YES;keystore;;microservice;security;;A keystore is a secure storage location for cryptographic keys, certificates, and secrets. It is commonly used for SSL/TLS encryption and authentication.
YES;keytool;;microservice;security;;keytool is a command-line utility in Java for managing keys and certificates in a keystore. It is used for SSL certificate management.
YES;Kibana;;observability;tools;;Kibana is an open-source data visualization and exploration tool for analyzing and visualizing data stored in Elasticsearch. It is commonly used for log analysis and monitoring.
YES;Kubernetes;;app360;;;Kubernetes is an open-source container orchestration platform. It automates deployment, scaling, and management of containerized applications.
YES;Kubernetes Cluster;;app360;;;A Kubernetes Cluster is a set of nodes (physical or virtual machines) that run containerized applications. It includes a control plane (master) and worker nodes.
YES;Kubernetes Pod;;app360;;;A Kubernetes Pod is the smallest deployable unit in a Kubernetes cluster. It represents a single instance of a running process and can contain one or more containers.
YES;Lightweight Directory Access Protocol;LDAP;gluon;security;;Lightweight Directory Access Protocol (LDAP) is a protocol for accessing and managing directory services. It’s commonly used for user authentication.
YES;Linter;;testing;;;Linters analyze code for potential errors, style violations, and best practices. They help improve code quality and consistency.
YES;Local Head of APIs;LHA;api;;;LHA (Local Head of APIs) likely refers to a role responsible for managing APIs within a specific region or locality. The LHA oversees API development, deployment, and governance.
YES;Log;;observability;;;Logs are records of events or activities generated by software applications. They provide insights into system behavior, errors, and performance.
YES;Log Level;;observability;;;Defines the severity or verbosity of log messages generated by an application. Common levels include DEBUG, INFO, WARN, and ERROR.
YES;Log Record;;observability;;;A log record is an individual entry in a log file. It contains information about a specific event, including timestamps, severity, and relevant data.
YES;Long-Term Support;LTS;gluon;;;Long-Term Support (LTS) refers to software versions that receive extended support and security updates. LTS versions are stable and recommended for production use.
YES;Major Release;;release;;;A major release indicates significant changes or new features in software. It often involves backward-incompatible changes.
YES;Markdownlint;;docs;;;markdownlint is a tool for analyzing and enforcing consistent Markdown formatting and style. It helps maintain readability and consistency in documentation.
YES;Maven;;java;;;Maven is a build automation and project management tool. It uses XML-based configuration files (pom.xml) to manage dependencies, build lifecycle, and project structure.
YES;MegaByte;MB;gluon;;;Megabyte (MB) is a unit of digital information storage. It is approximately equal to 1 million bytes.
YES;Message Digest Algorithm 5;MD5;security;;;MD5 (Message Digest Algorithm 5) is a widely used hash function that produces a fixed-size hash value (128 bits) from input data.
YES;Message Queue;MQ;arsenal;;;Message Queue (MQ) is a communication mechanism that allows asynchronous message exchange between distributed systems. It ensures reliable message delivery.
YES;Metadata;;gluon;;;Metadata refers to data that describes other data. It provides context, structure, and information about the content or format of a dataset.
YES;Metric;;insights;;;A metric is a quantitative measurement used to assess performance, behavior, or quality. Metrics can include response time, error rate, throughput, and more.
YES;Microfocus;;gluon;tools;;Micro Focus provides tools for application development, testing, and IT operations.
YES;Microfront;;front;;;Microfrontends extend the philosophy of microservices to the front end of web applications. They break down a web application into smaller, autonomous modules or functions.
YES;microservice;;microservice;;;A microservice, also known as the microservices architecture, is an architectural style that structures an application as a collection of small autonomous services, modeled around a business domain. Each microservice runs in its own process and communicates with others using standard protocols such as HTTP/HTTPS. This approach allows for independent deployment of different parts of a system, increased scalability, and fault isolation which can result in improved resilience and flexibility.
YES;Minor Release;;release;;;A minor release includes smaller enhancements, bug fixes, and improvements. It maintains backward compatibility.
YES;Mkdocs;;docs;;;MkDocs is a static site generator for creating documentation websites from Markdown files. It simplifies the process of building and maintaining documentation.
YES;Model-View-Controller;MVC;gluon;;;Model-View-Controller (MVC) is a design pattern for organizing code in web applications. It separates data (model), presentation (view), and user interaction (controller).
YES;MongoDB;;gluon;tools;;MongoDB is a NoSQL database management system that stores data in a flexible, JSON-like format. It is commonly used for handling large volumes of unstructured data.
YES;Mozilla Developer Network;MDN;front;;;Mozilla Developer Network (MDN) is a comprehensive resource for web developers. It provides documentation, tutorials, and guides related to web technologies.
YES;Multypurpose Internet Main Extension Type;MIME Type;front;;;A Multipurpose Internet Mail Extension (MIME) type specifies the format of a file or data. It is used in HTTP headers to indicate content type.
YES;Mutual Transport Layer Security;mTLS;arsenal;;;Mutual Transport Layer Security (mTLS) is a security mechanism where both the client and server authenticate each other using digital certificates. It enhances communication security.
YES;Namespace;;app360;;;In Kubernetes, a namespace provides a way to isolate resources within a cluster. It allows multiple virtual clusters to coexist within the same physical cluster.
YES;National Institute of Standard;NIST;security;;;The National Institute of Standards and Technology (NIST) is a U.S. government agency that develops and promotes standards and guidelines for technology, including cybersecurity.
YES;Nginx;;gluon;tools;;Nginx (pronounced “engine-x”) is a popular open-source web server and reverse proxy server. It is known for its high performance, scalability, and efficient handling of concurrent connections.
YES;Node Package Manager;NPM;javascript;microservice;;Node Package Manager (NPM) is a package manager for Node.js. It allows developers to install, manage, and share JavaScript libraries and tools.
YES;NodeJS;;javascript;;;Node.js is a JavaScript runtime environment that allows developers to run JavaScript code on the server-side.
YES;Non-Functional Requirement;NFR;testing;;;NFRs (Non-Functional Requirements) describe how a system should perform (e.g., performance, security, scalability).
YES;NoSQL;;gluon;;;NoSQL databases (Not Only SQL) are non-relational databases that provide flexible data models. They are suitable for handling unstructured or semi-structured data.
YES;OAuth version 2.0;Oauth;api;security;microservice;OAuth (Open Authorization) is an open standard for secure authorization. It allows users to grant third-party applications limited access to their resources without sharing their credentials. OAuth is commonly used for API authentication.
YES;Oauth 2.0 Scope;;api;;;Scope is a mechanism in OAuth 2.0 to limit an application's access to a user's account. An application can request one or more scopes, this information is then presented to the user in the consent screen, and the access token issued to the application will be limited to the scopes granted.
YES;OAuth Server;OS;security;api;microservice;OAuth Server (OS) is a component that handles authentication and authorization for applications. It allows users to grant permissions to third-party applications without sharing their credentials. OAuth is commonly used for secure API access.
YES;Object Identifier;objectId;security;;;An objectId is a unique identifier assigned to a document in a MongoDB database. It is commonly used for database indexing and querying.
YES;Omnichannel;;darwin;;;Omnichannel refers to a seamless and integrated customer experience across multiple channels (e.g., web, mobile, in-store). It ensures consistency and continuity in interactions.
YES;Onboard;;gluon;;;Onboard refers to the process of integrating new employees or users into an organization or system. It includes training, orientation, and familiarization.
YES;Open Telemetry;OTel;observability;;;OpenTelemetry (OTel) is an open-source observability framework for collecting, processing, and exporting telemetry data from applications. It helps monitor and troubleshoot distributed systems.
YES;Open Telemetry Protocol;OTLP;observability;;;OpenTelemetry Protocol (OTLP) is a protocol used by OpenTelemetry to transmit telemetry data between agents, collectors, and backends. It ensures interoperability and consistency in observability data collection.
YES;Open Web Application Security Project;OWASP;security;;;The Open Web Application Security Project (OWASP) is a nonprofit organization that focuses on improving the security of software. It provides resources, tools, and best practices for secure web development.
YES;OpenAPI;OpenAPI;api;;;OpenAPI (formerly known as Swagger) is a specification for defining RESTful APIs. It provides a standard way to describe API endpoints, request/response formats, and authentication methods.
YES;OpenAPI Specification 3;OAS3;api;;;OpenAPI Specification 3 (OAS3) is a standard for defining RESTful APIs. It provides a machine-readable format for describing API endpoints, request/response formats, authentication methods, and more.
YES;OpenID;;security;;;An open standard for authentication that allows users to log in to multiple websites using a single set of credentials. It is often used for single sign-on (SSO).
YES;OpenID Connect;OIDC;security;;;An OpenID Connect (OIDC) Provider is an authentication service that issues identity tokens and provides user authentication and authorization. It allows clients (applications) to authenticate users using OAuth 2.0 and OIDC flows.
YES;Openshift;;app360;tools;;OpenShift is a container platform by Red Hat for deploying, managing, and scaling containerized applications.
YES;Oracle Public Cloud Development Kit;OPDK;api;tools;;Oracle Public Cloud Development Kit (OPDK) is a set of tools and libraries for developing applications on Oracle Cloud. OPDK provides APIs, SDKs, and other resources.
YES;ORBIS;;apm;;;Santander Applications Business Catalog. Legacy component that will be replaced by APM (Application Portfolio Manager) Component
YES;Organization;ORG;gluon;;;Generally speaking, an Organization refers to Company. In GitHub, an Organization is a logical structure that gathers a set of users, policies, repositories. In most cases, a GitHub organization matches one company.
YES;Organization;;api;;;Logical group which manages a set of APIs
YES;Partenon;;;;;"Partenon is a Platform that allows the development and optimum execution of Business applications in Mainframe. It can run under z/OS environments (COBOL/CICS/DB2), where includes the control of the developed ""Partenon"" software, and also in OHE/GCP environments, where the control of the developed ""Partenon"" software is delegated to the ALM"
YES;Password;PWD, PASS;gluon;;;The terms refer to passwords. PWD stands for password, and PASS is an abbreviation for the same. Both are related to user authentication.
YES;Patch Release;;release;;;A patch release contains only bug fixes or security updates. It does not introduce new features.
YES;Payment Card Industry Data Security Standard ;PCI-DSS;security;;;The Payment Card Industry Data Security Standard (PCI-DSS) is a set of security requirements for protecting credit card data. It applies to organizations that handle payment card transactions.
YES;Peer-to-Peer;P2P;arsenal;;;Peer-to-Peer (P2P) refers to a network architecture where nodes (computers) communicate directly with each other without a central server. P2P networks are decentralized.
YES;PHP;;gluon;;;PHP is a widely-used server-side scripting language for web development. It allows creating dynamic web pages.
YES;Plain Old Java Object;POJO;java;;;Plain Old Java Object (POJO) is a Java class that does not depend on any specific framework or library. POJOs are simple and reusable.
YES;Podman;;app360;;;Podman is a container management tool similar to Docker. It allows users to create, run, and manage containers without requiring a daemon process.
YES;Postman;;api;testing;;Postman is a popular API testing tool that allows developers to create, test, and manage APIs.
YES;Post-mortem;;gluon;;;A post-mortem is an analysis conducted after an incident to identify the root cause and prevent similar issues.
YES;Powershell;Pwsh;gluon;;;Pwsh (PowerShell) is a cross-platform automation and configuration management framework for managing Windows and Linux.
YES;Preproduction Environment;PRE;gluon;;;Preproduction refers to the environment or stage before a software application is deployed to production. It is used for testing, validation, and final preparations.
YES;Privacy-Enhanced Mail;PEM;security;;;Privacy-Enhanced Mail (PEM) is a standard for secure email communication. It defines formats for certificates, keys, and encrypted messages.
YES;Product Owner;PO;gluon;;;Product Owner is a person dedicated to maximizing the value of a product by defining features, prioritizing backlog items, and ensuring effective collaboration with the development team.
YES;Production Environment;PRO;gluon;;;Production refers to the environment where applications are exposed to the end user. Where the business happens.
YES;Project Object Model - Maven;POM;java;microservice;;POM (Project Object Model) is an XML file used in Maven projects. It defines project information, dependencies, and build configuration.
YES;Proof Key for Code Exchange;PKCE;front;;;Proof Key for Code Exchange is an OAuth 2.0 extension used to secure authorization code flow in public clients (e.g., mobile apps).
YES;Protobuf;proto;arsenal;;;Refers to Protocol Buffers (protobufs), a language-agnostic data serialization format used for efficient communication and data exchange.
YES;Proxy;;api;microservice;;A proxy server acts as an intermediary between clients and servers. It can cache content, filter requests, and enhance security.
YES;Public Key Manager;PKM;security;;;Public Key Manager allows obtaining a public key stored in a Java KeyStore (.jks), from MongoDB using a key identifier (also known as aliases) and the public key issuer, from PKM’s configuration file or from an external JWKS public key provider using the key identifier and the uri of the JWKS server.
YES;Pull Request;PR;gluon;;;A pull request (PR) is a feature in Git-based systems (such as GitHub or GitLab) that allows developers to propose changes to a codebase. It facilitates code review and collaboration.
YES;Quality Assurance;QA;testing;;;Quality Assurance (QA) is the process of ensuring that software meets specified quality standards. QA involves testing, bug tracking, and verifying that the software functions correctly.
YES;Read and Write;R/W;gluon;;;The terms “R/W” and “RW” likely refer to read/write permissions. R/W stands for read/write, and RW is an abbreviation for the same. Both relate to access control for files and resources.
YES;Reactive Application;;front;microservice;;Reactive Applications are designed to handle asynchronous and event-driven programming. They use reactive programming principles for scalability and responsiveness.
YES;Rebase - Git;;gluon;;;Rebase is a Git operation that integrates changes from one branch into another. It rewrites commit history and ensures a linear sequence of commits.
YES;Red Hat Data Grid;RHDG;darwin;;;Red Hat Data Grid (RHDG) is an in-memory data grid solution for caching and managing large datasets.
YES;Redirection - HTTP;;front;security;;Redirections refer to HTTP status codes (e.g., 301, 302) used to redirect clients from one URL to another. They are commonly used for URL changes or site migrations.
YES;Redis;;microservice;security;tools;Redis is an in-memory data structure store. It is used as a cache, message broker, and key-value database. Redis supports various data structures like strings, lists, and sets.
YES;Registry - container;;app360;;;A registry is a repository for storing and distributing container images. It allows users to share and download images for use in containerized applications.
YES;Release;;release;;;A software release is a version of a product that is made available to users. Releases include new features, bug fixes, and improvements.
YES;Release Candidate;RC;release;;;A release candidate (RC) is a pre-release version of software that is close to the final release. It undergoes testing before the official release.
YES;Release Notes;;release;;;Release notes provide information about changes, enhancements, and known issues in a software release. They help users understand what's new.
YES;Remote Procedure Call;RPC;microservice;;;Remote Procedure Call (RPC) is a protocol that allows a program to execute a procedure or function on a remote server. It enables inter-process communication.
YES;Replicasets;;darwin;;;Replicasets are objects in Kubernetes that ensure a specified number of replicas (pods) are running at all times. They help with scaling and high availability.
YES;Replicationcontrollers;;darwin;;;Replicationcontrollers (deprecated in favor of Replicasets) are Kubernetes objects that manage the desired number of pod replicas. They ensure that the specified replicas are maintained.
YES;Representational State Transfer;REST;api;front;microservice;Representational State Transfer (REST) is an architectural style for designing networked applications. RESTful APIs use standard HTTP methods and follow principles such as statelessness and resource-based URLs.
YES;Request For Comments;RFC;api;security;;Request for Comments (RFC) is a document series that defines standards, protocols, and guidelines for the internet. RFCs are developed by the Internet Engineering Task Force (IETF).
YES;Resource Owner Password;ROP;darwin;;;A grant type in OAuth 2.0 where the resource owner (user) provides their username and password directly to the client application.
YES;Resource Owner Token Credentials;ROTC;darwin;;;A grant type in OAuth 2.0 where the resource owner (user) provides their credentials directly to the client application.
YES;REST Domain-Specific Language;RestDSL;arsenal;;;RestDSL is a domain-specific language for defining RESTful services in Apache Camel. It simplifies route configuration for REST endpoints.
YES;Restful Services;;microservice;api;;Restful services follow the principles of Representational State Transfer (REST). They use standard HTTP methods (GET, POST, PUT, DELETE) and resource-based URLs for communication.
YES;Reusability;;front;;;Reusability refers to designing software components or modules in a way that allows them to be used in multiple contexts or projects. It promotes efficiency and maintainability.
YES;Revised Payment Services Directive ;PSD2;security;;;The Revised Payment Services Directive is an EU regulation that aims to improve payment security, promote competition, and enhance consumer protection in the financial industry.
YES;Rivest-Shamir-Adleman;RSA;security;;;RSA (Rivest-Shamir-Adleman) is a widely used asymmetric encryption algorithm. It is used for secure data transmission and digital signatures.
YES;Role-Based Access Control;RBAC;front;;;Role-Based Access Control is a security model where access permissions are assigned based on predefined roles. Users are granted access based on their roles within an organization.
YES;Rollout;;gluon;;;Rollouts refer to the process of deploying new versions of software or updates to production systems. It can involve gradual deployment, canary releases, or blue-green deployments.
YES;Rulesets;;observability;;;Rulesets refer to predefined sets of rules or policies used for validation, compliance, or configuration management. They define standards and guidelines for specific contexts.
YES;Runner;;app360;;;In the context of continuous integration (CI), a runner is an agent responsible for executing CI/CD pipelines. It runs jobs defined in a CI configuration file.
YES;Safe Operation;;api;;;The safe operations do not imply any danger in their execution, so the state of any resource will not be altered or a new one will be generated.
YES;Sailpoint;;security;;;SailPoint is an identity governance platform used for managing user identities, access controls, and compliance. It ensures secure and efficient access to applications and resources.
YES;Santander OAuth Server;SOS;security;microservice;api;Santander OAuth Server (SOS) is a specific implementation of an OAuth server used by Santander Bank. It provides secure access to Santander’s APIs for authorized applications.
YES;Sassy Cascading Style Sheets;SCSS;front;;;Advanced version of CSS that adds several extra features as variables or nesting,
YES;SCC;;front;darwin;security;Legacy security component to provide User Credentials. It's being replaced by the Security Token Service (STS)
YES;Secret;;app360;security;;Sensitive information (such as passwords, API keys, or cryptographic keys) that should be kept confidential. Proper management of secrets is crucial for security.
YES;Secure Development;;security;;;Secure Development refers to the practice of writing code and designing software with security in mind. It includes secure coding practices and threat modeling.
YES;Secure Hash Algorithm 512;SHA-512;security;;;SHA-512 (Secure Hash Algorithm 512) is a cryptographic hash function that produces a fixed-size hash value (512 bits). It is used for data integrity and password hashing.
YES;Secure Shell;SSH;gluon;;;A cryptographic network protocol used for secure communication between a client and a server. It provides encrypted data transmission and authentication.
YES;Secure Shell Key;SSH Key;gluon;;;Used for authentication in SSH connections. It consists of a public key (stored on the server) and a private key (stored on the client).
YES;Secure Sockets Layer;SSL;gluon;;;Secure Sockets Layer (SSL) is a deprecated predecessor of TLS. SSL was widely used for secure communication but has been replaced by TLS due to security vulnerabilities.
YES;Secure Software Development Life Cycle;S-SDLC;security;;;Secure Software Development Life Cycle (S-SDLC) refers to integrating security practices throughout the software development process.
YES;Secure-File Transport Protocol;SFTP;gluon;;;Secure File Transfer Protocol (SFTP) is a secure version of FTP that uses SSH for encryption and authentication.
YES;Security Assertion Markup Language;SAML, SAML2;security;;;Security Assertion Markup Language (SAML) is an XML-based standard for exchanging authentication and authorization data between parties. SAML enables single sign-on (SSO) across different systems.
YES;Security Context Manager;SCM;front;security;;SCM (Security Context Manager) is a technology that manages security contexts for users or applications. It controls access and permissions based on user roles.
YES;Security Gluon Onboarding;SGOn;security;;;Unfortunately, I couldn't find information on “SGOn.” It might be a specific term or acronym related to a particular context.
YES;Security Information and Event Management;SIEM;security;;;Security Information and Event Management (SIEM) is a technology that combines security information management (SIM) and security event management (SEM). SIEM systems collect, analyze, and correlate security data from various sources to detect and respond to security incidents.
YES;Security Token Service;STS;security;;;Security Token Service (STS) is a component that issues security tokens for authentication and authorization purposes. STSs are commonly used in federated identity systems.
YES;Segregation of Duties;SoD;security;;;A security principle that ensures no single user has excessive control over critical processes or systems. It prevents conflicts of interest and reduces the risk of fraud.
YES;Selenium;;testing;tools;;Selenium is an open-source framework for automating web browsers.
YES;Semantic Versioning;SemVer;release;;;SemVer (Semantic Versioning) is a versioning scheme used for software libraries and packages. It follows a format of MAJOR.MINOR.PATCH and provides rules for version increments.
YES;Serverless;;darwin;;;Serverless computing allows building and running applications without managing servers.
YES;Service Level Agreement;SLA;support;;;Service Level Agreement (SLA) is a contract between a service provider and a customer that defines the expected level of service. SLAs specify response times, availability, and other performance metrics.
YES;Service Level Indicator;SLI;support;;;SLIs are quantitative measurements used to assess the performance of a service. They serve as the basis for defining SLOs and SLAs.
YES;Service Level Objective;Service Level Objective;support;;;SLOs are specific, measurable goals related to service performance. They define acceptable levels of reliability, availability, and responsiveness.
YES;ServiceNow;;gluon;tools;;ServiceNow is a cloud-based platform for IT service management (ITSM) and business process automation. It includes features for incident management, change management, and service requests.
YES;Servlet;;microservice;;;A Servlet is a Java class used for handling HTTP requests and generating dynamic web content. It runs on a web server and follows the Java Servlet API.
YES;Servlet Application;;microservice;;;A Servlet Application is a Java-based web application that runs on a web server. Servlets handle HTTP requests and generate dynamic content.
YES;Simple Authentication and Security Layer;SASL;arsenal;;;Simple Authentication and Security Layer (SASL) is a framework for adding authentication and security features to network protocols.
YES;Simple Object Access Protocol;SOAP;microservice;api;;Simple Object Access Protocol (SOAP) is a messaging protocol used for exchanging structured information in web services. SOAP messages are typically XML-based and can be transported over various protocols.
YES;Single Page Application;SPA;front;;;Single Page Application (SPA) is a web application that loads a single HTML page and dynamically updates content as the user interacts with it. SPAs improve user experience.
YES;Single Sign-On;SSO;front;microservice;security;Single Sign-On (SSO) allows users to authenticate once and access multiple applications without re-entering credentials. SSO improves user experience and security.
YES;Singleton;;api;microservice;;The Singleton pattern restricts the instantiation of a class to a singular instance. It ensures only one object exists and provides easy access to that instance.
YES;Site Reliability Engineering/ Engineer;SRE;testing;;;Site Reliability Engineering (SRE) is a discipline that combines software engineering and systems administration to improve the reliability and performance of large-scale systems. SREs focus on automation, monitoring, and incident response.
YES;Snake Case;snake_case;api;;;Snake case (stylized as snake_case) is the naming convention in which each space is replaced with an underscore (_) character, and words are written in lowercase
YES;Snapshot;;release;;;A snapshot is a point-in-time copy of data or a system state. It is commonly used for backups, version control, and recovery.
YES;Software as a Service;SaaS;api;;;Software delivery  model in which software and platform are provided, allowing tio be operated by entities to implement parts of their business, either consuming or producing APIs.
YES;Software Composition Analysis;SCA;security;testing;;Software Composition Analysis (SCA) is a process of identifying and managing third-party components (libraries, frameworks, etc.) used in software applications. SCA helps detect vulnerabilities and license compliance issues.
YES;Software Development Kits;SDKs;gluon;;;SDKs (Software Development Kits) are sets of tools, libraries, and documentation for building software applications on a specific platform or framework (e.g., Android SDK, AWS SDK).
YES;Software Development Lifecycle;SDLC;gluon;;;Refers to the process of creating high-quality software. It encompasses several well-defined phases, ensuring efficient development, testing, and deployment.
YES;Software Pattern;;microservice;api;front;A software pattern (or software design pattern) is a reusable solution to a common problem in software design. It provides a template for solving specific design issues.
YES;Software Security Center - Fortify;SSC;security;;;Fortify Software Security Center (SSC) is a platform for managing and analyzing application security testing results. It helps organizations track and remediate security issues.
YES;SonarQube;;testing;;;SonarQube is a static code analysis tool that identifies code quality issues, security vulnerabilities, and technical debt in software projects.
YES;Sonatype;;testing;tools;;Sonatype provides tools and services for managing software components and dependencies. It includes Nexus Repository Manager for artifact management.
YES;Source;src;gluon;;;SRC (Source) refers to the source code or original files of a software application.
YES;Source Code Management;SCM;gluon;;;Source Code Management (SCM) refers to tools and practices for managing source code versions. SCM systems include Git, SVN, and Mercurial.
YES;Span;Span;observability;;;A span represents a single operation within a trace. It captures timing information and context for a specific activity, such as an HTTP request or database query. Spans are used in distributed tracing.
YES;Spring Expression Language;SpEL;microservice;darwin;;Spring Expression Language (SpEL) is a language for querying and manipulating objects in Spring Framework. SpEL is used for configuration and dynamic expressions.
YES;Stateful Application;;microservice;front;api;A stateful application maintains and remembers the state or context of a user’s interactions. Stateful applications store data between requests or sessions.
YES;Stateless Application;;microservice;front;api;A stateless application does not retain user state between requests. Each request is independent, and no session data is stored.
YES;Static Application Security Testing;SAST;security;;;Static Application Security Testing (SAST) is a security testing technique that analyzes source code or compiled binaries for vulnerabilities. It identifies issues without executing the application.
YES;Structured Query Language;SQL;gluon;;;Structured Query Language (SQL) is a standard language for managing relational databases. It is used for querying, updating, and managing data.
YES;Swagger;;api;microservice;;Swagger (now known as OpenAPI) is a specification for defining RESTful APIs. It provides a machine-readable format for describing API endpoints, request/response formats, authentication methods, and more.
YES;TalosBDD;;testing;;;Gluon BDD Testing Framework 
YES;Tenant;;infrastructure;;;In cloud computing, a tenant refers to an individual or organization that uses a shared cloud infrastructure. Each tenant's data and resources are isolated from others.
YES;Test Case;TC;testing;;;A specific set of conditions for evaluating a particular feature of a software product to determine its compliance with the business requirements. It specifies the steps, input values, and expected results for testing.
YES;Test Data Management;TDM;testing;;;The process of creating, managing, and maintaining test data for software testing. It ensures that test cases have appropriate data for accurate testing.
YES;Test Suite;TS;testing;;;A logical grouping or collection of test cases to run a single job with different test scenarios. It simplifies managing, executing, and reporting test results.
YES;Test-Driven Development;TDD;testing;;;Test-Driven Development (TDD) is a development methodology where tests are written before writing the actual code. TDD ensures code correctness and maintainability.
YES;Threadlocal;;darwin;;;ThreadLocal is a class in Java that provides thread-local variables. Each thread accessing a ThreadLocal variable has its own independent copy, avoiding thread interference.
YES;Time to Live;TTL;microservice;;;Time to Live is a value that determines how long a resource (such as a DNS record or cache entry) remains valid before it expires.
YES;TLS;TLS;microservice;;;Transport Layer Security (TLS) is a cryptographic protocol that ensures secure communication over a network. TLS is commonly used to encrypt data transmitted between clients and servers.
YES;Token;;security;;;A token is a piece of data used for authentication or authorization. Tokens are commonly used in web applications for user sessions and API access.
YES;Transmission Control Protocol;TCP;gluon;;;TCP (Transmission Control Protocol) is a reliable, connection-oriented protocol used for data transmission over networks. It ensures data integrity and order.
YES;Transmission Control Protocol/Internet Protocol;TCP-IP;gluon;;;TCP-IP (Transmission Control Protocol/Internet Protocol) refers to the suite of protocols used for internet communication. It includes TCP, IP, and other related protocols.
YES;TypeScript;;front;javascript;;TypeScript is a superset of JavaScript that adds static typing. It enhances code quality and provides better tooling for large-scale applications.
YES;Unary - (g)RPC;;arsenal;;;Unary refers to a type of gRPC call where a client sends a single request to the server and receives a single response. It is a simple and common RPC pattern.
YES;UNICODE;;gluon;;;UNICODE is a character encoding standard that represents characters from various writing systems. It ensures consistent representation of text across different platforms.
YES;Unicode Transformation Format 8-bit;UTF-8;gluon;;;UTF-8 (Unicode Transformation Format 8-bit) is a character encoding standard that represents characters using variable-length sequences of 8-bit bytes. It supports a wide range of characters and is commonly used for text files and web content.
YES;Uniform Resource Identifier;URI;front;api;microservice;Uniform Resource Identifier (URI) is a string that identifies a resource. URIs include URLs (web addresses) and URNs (names for resources).
YES;Uniform Resource Locator;URL;front;api;microservice;A Uniform Resource Locator (URL) is a web address that specifies the location of a resource on the internet. URLs are used to access websites, files, and other online content.
YES;Unit Tests;UT;testing;;;Unit tests are small, automated tests that verify the correctness of individual components (units) of a software application. They focus on specific functions or methods.
YES;Universally Unique Identifier;UUID;observability;;;Universally Unique Identifier (UUID) is a 128-bit identifier that is unique across all devices and time. It is commonly used for generating unique keys.
YES;Unsafe Operation;;api;;;Unsafe operations imply a certain degree of criticality in their execution (generation of new resource, alteration of existing resource ...)
YES;User Agent;;front;;;A User Agent is a software application (usually a web browser) that acts on behalf of a user. It sends HTTP requests to web servers and renders web content.
YES;User Experience and User Interface;UX/UI;front;;;User Experience (UX) and User Interface (UI) refer to the overall design and usability of a product. UX focuses on user satisfaction, while UI deals with visual elements and layout.
YES;User Interface;UI;front;;;User Interfaces (UIs) are the visual components of software applications that allow users to interact with the system. UIs can be graphical (GUI) or command-line (CLI).
YES;Validator;;microservice;;;Software component or tool that check the correctness, compliance, or integrity of data, configurations, or input.
YES;Vault;;security;;;A secure storage system for managing secrets, such as API keys, passwords, and encryption keys. It ensures sensitive data is stored securely and can be accessed by authorized applications.
YES;Version Type;versionType;release;;;efers to the type or format of versioning used in software development. It could be semantic versioning (SemVer), incremental versioning, or custom versioning schemes.
YES;Virtualized;;gluon;;;Virtualized refers to running multiple instances of an OS or application on a single physical machine.
YES;Visual Studio Code;VSC;gluon;tools;;A popular open-source code editor developed by Microsoft. It supports various programming languages and extensions.
YES;Web Application Firewall;WAF;infrastructure;api;;A Web Application Firewall (WAF) is a security solution that protects web applications from common attacks, such as SQL injection, cross-site scripting (XSS), and cross-site request forgery (CSRF). WAFs filter and monitor HTTP requests and responses.
YES;Web Client;;front;;;A Web Client is a user interface (such as a web browser) that interacts with web servers to request and display web content.
YES;Web Services Description Language;WSDL;microservice;;;Web Services Description Language (WSDL) is an XML-based language for describing web services. WSDL defines the operations, endpoints, and data types of a service.
YES;WebInspect - Microfocus;;security;testing;;WebInspect is a security testing tool by Micro Focus that scans web applications for vulnerabilities, including SQL injection, cross-site scripting (XSS), and more.
YES;World Wide Web Consortium;W3C;gluon;;;The World Wide Web Consortium (W3C) is an international community that develops web standards and guidelines. W3C ensures interoperability and accessibility.
YES;X.509;;security;;;An ITU standard defining the format of public key certificates. X.509 certificates are used in many Internet protocols, including TLS/SSL (HTTPS).
YES;XML Localization Interchange File Format;XLF;front;;;XLIFF (XML Localization Interchange File Format) is a standard for exchanging localization data. XLF files store translatable content and facilitate translation workflows.
YES;XRay - Jira;XRay;gluon;tools;;XRay is a testing tool by JIRA that provides test management, execution, and reporting capabilities. It integrates with JIRA for tracking and managing test cases.
YES;Yaml;Yaml;gluon;;;YAML (YAML Yet Another Markup Language) is a human-readable data serialization format. It is commonly used for configuration files and data exchange.
YES;Yarn;YARN;darwin;front;;YARN (Yet Another Resource Negotiator) is a resource management layer in Hadoop clusters. It manages resources (CPU, memory) for running applications.
